"filename","download_date","year"
"ZWGE42FL.DBF","2021-07-26",1999
"ZWIR42DT.DTA","2021-07-26",1999
"ZWHR42DT.DTA","2021-07-26",1999
"ZWGE52FL.DBF","2021-07-26",2005
"ZWIR52DT.DTA","2021-07-26",2005
"ZWHR52DT.DTA","2021-07-26",2005
"ZWGE61FL.DBF","2021-07-26",2010
"ZWIR62DT.DTA","2021-07-26",2010
"ZWHR62DT.DTA","2021-07-26",2010
"ZWGE72FL.DBF","2021-07-26",2015
"ZWIR72DT.DTA","2021-07-26",2015
"ZWHR72DT.DTA","2021-07-26",2015
"ZMIR31DT.DTA","2021-07-26",1996
"ZMHR31DT.DTA","2021-07-26",1996
"ZMIR42DT.DTA","2021-07-26",2002
"ZMHR42DT.DTA","2021-07-26",2002
"ZMGE52FL.DBF","2021-07-26",2007
"ZMIR51DT.DTA","2021-07-26",2007
"ZMHR51DT.DTA","2021-07-26",2007
"ZMGE61FL.DBF","2021-07-26",2013
"ZMIR61DT.DTA","2021-07-26",2013
"ZMHR61DT.DTA","2021-07-26",2013
"ZMGE71FL.DBF","2021-07-26",2018
"ZMIR71DT.DTA","2021-07-26",2018
"ZMHR71DT.DTA","2021-07-26",2018
"YEIR61DT.DTA","2021-07-26",2013
"YEHR61DT.DTA","2021-07-26",2013
"VNIR31DT.DTA","2021-07-26",1997
"VNHR31DT.DTA","2021-07-26",1997
"VNIR41DT.DTA","2021-07-26",2002
"VNHR41DT.DTA","2021-07-26",2002
"VNIR52DT.DTA","2021-07-26",2005
"VNHR52DT.DTA","2021-07-26",2005
"UZIR31DT.DTA","2021-07-26",1996
"UZHR31DT.DTA","2021-07-26",1996
"UAIR51DT.DTA","2021-07-26",2007
"UAHR51DT.DTA","2021-07-26",2007
"UGGE43FL.DBF","2021-07-26",2000
"UGIR41DT.DTA","2021-07-26",2000
"UGHR41DT.DTA","2021-07-26",2000
"UGGE53FL.DBF","2021-07-26",2006
"UGIR52DT.DTA","2021-07-26",2006
"UGHR52DT.DTA","2021-07-26",2006
"UGGE5AFL.DBF","2021-07-26",2009
"UGIR5ADT.DTA","2021-07-26",2009
"UGHR5ADT.DTA","2021-07-26",2009
"UGGE61FL.DBF","2021-07-26",2011
"UGIR61DT.DTA","2021-07-26",2011
"UGHR61DT.DTA","2021-07-26",2011
"UGGE6AFL.DBF","2021-07-26",2011
"UGIR6ADT.DTA","2021-07-26",2011
"UGHR6ADT.DTA","2021-07-26",2011
"UGGE71FL.DBF","2021-07-26",2014
"UGIR72DT.DTA","2021-07-26",2014
"UGHR72DT.DTA","2021-07-26",2014
"UGGE7AFL.DBF","2021-07-26",2016
"UGIR7BDT.DTA","2021-07-26",2016
"UGHR7BDT.DTA","2021-07-26",2016
"UGGE7IFL.DBF","2021-07-26",2018
"UGIR7IDT.DTA","2021-07-26",2018
"UGHR7IDT.DTA","2021-07-26",2018
"TRIR41DT.DTA","2021-07-26",1998
"TRHR41DT.DTA","2021-07-26",1998
"TRIR4ADT.DTA","2021-07-26",2003
"TRHR4ADT.DTA","2021-07-26",2003
"TRIR51DT.DTA","2021-07-26",2008
"TRHR51DT.DTA","2021-07-26",2008
"TRIR62DT.DTA","2021-07-26",2013
"TRHR62DT.DTA","2021-07-26",2013
"TGGE32FL.DBF","2021-07-26",1998
"TGIR31DT.DTA","2021-07-26",1998
"TGHR31DT.DTA","2021-07-26",1998
"TGGE62FL.DBF","2021-07-26",2013
"TGIR61DT.DTA","2021-07-26",2013
"TGHR61DT.DTA","2021-07-26",2013
"TGGE71FL.DBF","2021-07-26",2017
"TGIR71DT.DTA","2021-07-26",2017
"TGHR71DT.DTA","2021-07-26",2017
"TLIR61DT.DTA","2021-07-26",2009
"TLHR61DT.DTA","2021-07-26",2009
"TLIR71DT.DTA","2021-07-26",2016
"TLHR71DT.DTA","2021-07-26",2016
"TZIR3ADT.DTA","2021-07-26",1996
"TZHR3ADT.DTA","2021-07-26",1996
"TZGE43FL.DBF","2021-07-26",1999
"TZIR41DT.DTA","2021-07-26",1999
"TZHR41DT.DTA","2021-07-26",1999
"TZGE4CFL.DBF","2021-07-26",2003
"TZIR4ADT.DTA","2021-07-26",2003
"TZHR4ADT.DTA","2021-07-26",2003
"TZIR4IDT.DTA","2021-07-26",2004
"TZHR4IDT.DTA","2021-07-26",2004
"TZGE52FL.DBF","2021-07-26",2007
"TZIR51DT.DTA","2021-07-26",2007
"TZHR51DT.DTA","2021-07-26",2007
"TZGE61FL.DBF","2021-07-26",2010
"TZIR63DT.DTA","2021-07-26",2010
"TZHR63DT.DTA","2021-07-26",2010
"TZGE6AFL.DBF","2021-07-26",2012
"TZIR6ADT.DTA","2021-07-26",2012
"TZHR6ADT.DTA","2021-07-26",2012
"TZGE7AFL.DBF","2021-07-26",2015
"TZIR7BDT.DTA","2021-07-26",2015
"TZHR7BDT.DTA","2021-07-26",2015
"TZGE7IFL.DBF","2021-07-26",2017
"TZIR7IDT.DTA","2021-07-26",2017
"TZHR7IDT.DTA","2021-07-26",2017
"TJGE61FL.DBF","2021-07-26",2012
"TJIR61DT.DTA","2021-07-26",2012
"TJHR61DT.DTA","2021-07-26",2012
"TJGE71FL.DBF","2021-07-26",2017
"TJIR71DT.DTA","2021-07-26",2017
"TJHR71DT.DTA","2021-07-26",2017
"ZAIR31DT.DTA","2021-07-26",1998
"ZAHR31DT.DTA","2021-07-26",1998
"ZAIR71DT.DTA","2021-07-26",2016
"ZAHR71DT.DTA","2021-07-26",2016
"SLGE53FL.DBF","2021-07-26",2008
"SLIR51DT.DTA","2021-07-26",2008
"SLHR51DT.DTA","2021-07-26",2008
"SLGE61FL.DBF","2021-07-26",2013
"SLIR61DT.DTA","2021-07-26",2013
"SLHR61DT.DTA","2021-07-26",2013
"SLGE71FL.DBF","2021-07-26",2016
"SLIR72DT.DTA","2021-07-26",2016
"SLHR72DT.DTA","2021-07-26",2016
"SLGE7AFL.DBF","2021-07-26",2019
"SLIR7ADT.DTA","2021-07-26",2019
"SLHR7ADT.DTA","2021-07-26",2019
"SNGE32FL.DBF","2021-07-26",1997
"SNIR32DT.DTA","2021-07-26",1997
"SNHR32DT.DTA","2021-07-26",1997
"SNGE4BFL.DBF","2021-07-26",2005
"SNIR4ADT.DTA","2021-07-26",2005
"SNHR4ADT.DTA","2021-07-26",2005
"SNIR51DT.DTA","2021-07-26",2006
"SNHR51DT.DTA","2021-07-26",2006
"SNGE5AFL.DBF","2021-07-26",2008
"SNIR5ADT.DTA","2021-07-26",2008
"SNHR5ADT.DTA","2021-07-26",2008
"SNGE61FL.DBF","2021-07-26",2010
"SNIR61DT.DTA","2021-07-26",2010
"SNHR61DT.DTA","2021-07-26",2010
"SNGE6AFL.DBF","2021-07-26",2012
"SNIR6DDT.DTA","2021-07-26",2012
"SNHR6DDT.DTA","2021-07-26",2012
"SNGE7AFL.DBF","2021-07-26",2015
"SNIR7HDT.DTA","2021-07-26",2015
"SNHR7HDT.DTA","2021-07-26",2015
"SNGE7IFL.DBF","2021-07-26",2016
"SNGE7RFL.DBF","2021-07-26",2017
"SNIR7ZDT.DTA","2021-07-26",2017
"SNHR7ZDT.DTA","2021-07-26",2017
"SNGE81FL.DBF","2021-07-26",2018
"SNIR81DT.DTA","2021-07-26",2018
"SNHR81DT.DTA","2021-07-26",2018
"STIR51DT.DTA","2021-07-26",2008
"STHR51DT.DTA","2021-07-26",2008
"RWIR41DT.DTA","2021-07-26",2000
"RWHR41DT.DTA","2021-07-26",2000
"RWGE54FL.DBF","2021-07-26",2005
"RWIR53DT.DTA","2021-07-26",2005
"RWHR53DT.DTA","2021-07-26",2005
"RWGE5BFL.DBF","2021-07-26",2008
"RWIR5ADT.DTA","2021-07-26",2008
"RWHR5ADT.DTA","2021-07-26",2008
"RWGE61FL.DBF","2021-07-26",2010
"RWIR61DT.DTA","2021-07-26",2010
"RWHR61DT.DTA","2021-07-26",2010
"RWIR6IDT.DTA","2021-07-26",2013
"RWHR6IDT.DTA","2021-07-26",2013
"RWGE72FL.DBF","2021-07-26",2015
"RWIR70DT.DTA","2021-07-26",2015
"RWHR70DT.DTA","2021-07-26",2015
"RWIR7ADT.DTA","2021-07-26",2017
"RWHR7ADT.DTA","2021-07-26",2017
"PHIR3BDT.DTA","2021-07-26",1998
"PHHR3BDT.DTA","2021-07-26",1998
"PHGE43FL.DBF","2021-07-26",2003
"PHIR41DT.DTA","2021-07-26",2003
"PHHR41DT.DTA","2021-07-26",2003
"PHGE52FL.DBF","2021-07-26",2008
"PHIR52DT.DTA","2021-07-26",2008
"PHHR52DT.DTA","2021-07-26",2008
"PHIR61DT.DTA","2021-07-26",2013
"PHHR61DT.DTA","2021-07-26",2013
"PHGE71FL.DBF","2021-07-26",2017
"PHIR71DT.DTA","2021-07-26",2017
"PHHR71DT.DTA","2021-07-26",2017
"PEIR31DT.DTA","2021-07-26",1996
"PEHR31DT.DTA","2021-07-26",1996
"PEGE44FL.DBF","2021-07-26",2000
"PEIR41DT.DTA","2021-07-26",2000
"PEHR41DT.DTA","2021-07-26",2000
"PEGE52FL.DBF","2021-07-26",2004
"PEIR51DT.DTA","2021-07-26",2004
"PEHR51DT.DTA","2021-07-26",2004
"PEGE5BFL.DBF","2021-07-26",2007
"PEIR5ADT.DTA","2021-07-26",2007
"PEHR5ADT.DTA","2021-07-26",2007
"PEGE5IFL.DBF","2021-07-26",2009
"PEIR5IDT.DTA","2021-07-26",2009
"PEHR5IDT.DTA","2021-07-26",2009
"PEIR61DT.DTA","2021-07-26",2010
"PEHR61DT.DTA","2021-07-26",2010
"PEIR6ADT.DTA","2021-07-26",2011
"PEHR6ADT.DTA","2021-07-26",2011
"PEIR6IDT.DTA","2021-07-26",2012
"PEHR6IDT.DTA","2021-07-26",2012
"PKGE51FL.DBF","2021-07-26",2006
"PKIR52DT.DTA","2021-07-26",2006
"PKHR52DT.DTA","2021-07-26",2006
"PKIR61DT.DTA","2021-07-26",2012
"PKHR61DT.DTA","2021-07-26",2012
"PKGE71FL.DBF","2021-07-26",2017
"PKIR71DT.DTA","2021-07-26",2017
"PKHR71DT.DTA","2021-07-26",2017
"NGGE4BFL.DBF","2021-07-26",2003
"NGIR4BDT.DTA","2021-07-26",2003
"NGHR4BDT.DTA","2021-07-26",2003
"NGGE52FL.DBF","2021-07-26",2008
"NGIR53DT.DTA","2021-07-26",2008
"NGHR53DT.DTA","2021-07-26",2008
"NGGE61FL.DBF","2021-07-26",2010
"NGIR61DT.DTA","2021-07-26",2010
"NGHR61DT.DTA","2021-07-26",2010
"NGGE6AFL.DBF","2021-07-26",2013
"NGIR6ADT.DTA","2021-07-26",2013
"NGHR6ADT.DTA","2021-07-26",2013
"NGGE71FL.DBF","2021-07-26",2015
"NGIR71DT.DTA","2021-07-26",2015
"NGHR71DT.DTA","2021-07-26",2015
"NGGE7BFL.DBF","2021-07-26",2018
"NGIR7BDT.DTA","2021-07-26",2018
"NGHR7BDT.DTA","2021-07-26",2018
"NIGE32FL.DBF","2021-07-26",1998
"NIIR31DT.DTA","2021-07-26",1998
"NIHR31DT.DTA","2021-07-26",1998
"NIIR51DT.DTA","2021-07-26",2006
"NIHR51DT.DTA","2021-07-26",2006
"NIIR61DT.DTA","2021-07-26",2012
"NIHR61DT.DTA","2021-07-26",2012
"NCIR31DT.DTA","2021-07-26",1998
"NCHR31DT.DTA","2021-07-26",1998
"NCIR41DT.DTA","2021-07-26",2001
"NCHR41DT.DTA","2021-07-26",2001
"NPIR31DT.DTA","2021-07-26",1996
"NPHR31DT.DTA","2021-07-26",1996
"NPGE42FL.DBF","2021-07-26",2001
"NPIR41DT.DTA","2021-07-26",2001
"NPHR41DT.DTA","2021-07-26",2001
"NPGE53FL.DBF","2021-07-26",2006
"NPIR51DT.DTA","2021-07-26",2006
"NPHR51DT.DTA","2021-07-26",2006
"NPGE61FL.DBF","2021-07-26",2011
"NPIR61DT.DTA","2021-07-26",2011
"NPHR61DT.DTA","2021-07-26",2011
"NPGE7AFL.DBF","2021-07-26",2016
"NPIR7HDT.DTA","2021-07-26",2016
"NPHR7HDT.DTA","2021-07-26",2016
"NMGE42FL.DBF","2021-07-26",2000
"NMIR41DT.DTA","2021-07-26",2000
"NMHR41DT.DTA","2021-07-26",2000
"NMGE53FL.DBF","2021-07-26",2006
"NMIR51DT.DTA","2021-07-26",2006
"NMHR51DT.DTA","2021-07-26",2006
"NMGE61FL.DBF","2021-07-26",2013
"NMIR61DT.DTA","2021-07-26",2013
"NMHR61DT.DTA","2021-07-26",2013
"MMGE71FL.DBF","2021-07-26",2016
"MMIR71DT.DTA","2021-07-26",2016
"MMHR71DT.DTA","2021-07-26",2016
"MZIR31DT.DTA","2021-07-26",1997
"MZHR31DT.DTA","2021-07-26",1997
"MZIR41DT.DTA","2021-07-26",2003
"MZHR41DT.DTA","2021-07-26",2003
"MZGE52FL.DBF","2021-07-26",2009
"MZIR51DT.DTA","2021-07-26",2009
"MZHR51DT.DTA","2021-07-26",2009
"MZGE61FL.DBF","2021-07-26",2011
"MZIR62DT.DTA","2021-07-26",2011
"MZHR62DT.DTA","2021-07-26",2011
"MZGE71FL.DBF","2021-07-26",2015
"MZIR71DT.DTA","2021-07-26",2015
"MZHR71DT.DTA","2021-07-26",2015
"MZGE7AFL.DBF","2021-07-26",2018
"MZIR7ADT.DTA","2021-07-26",2018
"MZHR7ADT.DTA","2021-07-26",2018
"MAGE43FL.DBF","2021-07-26",2003
"MAIR43DT.DTA","2021-07-26",2003
"MAHR43DT.DTA","2021-07-26",2003
"MBGE52FL.DBF","2021-07-26",2005
"MBIR53DT.DTA","2021-07-26",2005
"MBHR53DT.DTA","2021-07-26",2005
"MLGE33FL.DBF","2021-07-26",1996
"MLIR32DT.DTA","2021-07-26",1996
"MLHR32DT.DTA","2021-07-26",1996
"MLGE42FL.DBF","2021-07-26",2001
"MLIR41DT.DTA","2021-07-26",2001
"MLHR41DT.DTA","2021-07-26",2001
"MLGE52FL.DBF","2021-07-26",2006
"MLIR53DT.DTA","2021-07-26",2006
"MLHR53DT.DTA","2021-07-26",2006
"MLGE6BFL.DBF","2021-07-26",2012
"MLIR6ADT.DTA","2021-07-26",2012
"MLHR6ADT.DTA","2021-07-26",2012
"MLGE71FL.DBF","2021-07-26",2015
"MLIR72DT.DTA","2021-07-26",2015
"MLHR72DT.DTA","2021-07-26",2015
"MLGE7AFL.DBF","2021-07-26",2018
"MLIR7ADT.DTA","2021-07-26",2018
"MLHR7ADT.DTA","2021-07-26",2018
"MVIR52DT.DTA","2021-07-26",2009
"MVHR52DT.DTA","2021-07-26",2009
"MVIR71DT.DTA","2021-07-26",2016
"MVHR71DT.DTA","2021-07-26",2016
"MWGE43FL.DBF","2021-07-26",2000
"MWIR41DT.DTA","2021-07-26",2000
"MWHR41DT.DTA","2021-07-26",2000
"MWGE4BFL.DBF","2021-07-26",2004
"MWIR4EDT.DTA","2021-07-26",2004
"MWHR4EDT.DTA","2021-07-26",2004
"MWGE62FL.DBF","2021-07-26",2010
"MWIR61DT.DTA","2021-07-26",2010
"MWHR61DT.DTA","2021-07-26",2010
"MWGE6AFL.DBF","2021-07-26",2012
"MWIR6ADT.DTA","2021-07-26",2012
"MWHR6ADT.DTA","2021-07-26",2012
"MWGE71FL.DBF","2021-07-26",2014
"MWIR72DT.DTA","2021-07-26",2014
"MWHR72DT.DTA","2021-07-26",2014
"MWGE7AFL.DBF","2021-07-26",2015
"MWIR7ADT.DTA","2021-07-26",2015
"MWHR7ADT.DTA","2021-07-26",2015
"MWGE7IFL.DBF","2021-07-26",2017
"MWIR7IDT.DTA","2021-07-26",2017
"MWHR7IDT.DTA","2021-07-26",2017
"MDGE32FL.DBF","2021-07-26",1997
"MDIR31DT.DTA","2021-07-26",1997
"MDHR31DT.DTA","2021-07-26",1997
"MDIR42DT.DTA","2021-07-26",2004
"MDHR42DT.DTA","2021-07-26",2004
"MDGE53FL.DBF","2021-07-26",2008
"MDIR51DT.DTA","2021-07-26",2008
"MDHR51DT.DTA","2021-07-26",2008
"MDGE61FL.DBF","2021-07-26",2011
"MDIR61DT.DTA","2021-07-26",2011
"MDHR61DT.DTA","2021-07-26",2011
"MDGE6AFL.DBF","2021-07-26",2013
"MDIR6ADT.DTA","2021-07-26",2013
"MDHR6ADT.DTA","2021-07-26",2013
"MDGE71FL.DBF","2021-07-26",2016
"MDIR71DT.DTA","2021-07-26",2016
"MDHR71DT.DTA","2021-07-26",2016
"LBGE52FL.DBF","2021-07-26",2007
"LBIR51DT.DTA","2021-07-26",2007
"LBHR51DT.DTA","2021-07-26",2007
"LBGE5CFL.DBF","2021-07-26",2009
"LBIR5ADT.DTA","2021-07-26",2009
"LBHR5ADT.DTA","2021-07-26",2009
"LBGE61FL.DBF","2021-07-26",2011
"LBIR61DT.DTA","2021-07-26",2011
"LBHR61DT.DTA","2021-07-26",2011
"LBGE6AFL.DBF","2021-07-26",2013
"LBIR6ADT.DTA","2021-07-26",2013
"LBHR6ADT.DTA","2021-07-26",2013
"LBGE71FL.DBF","2021-07-26",2016
"LBIR71DT.DTA","2021-07-26",2016
"LBHR71DT.DTA","2021-07-26",2016
"LBGE7AFL.DBF","2021-07-26",2019
"LBIR7ADT.DTA","2021-07-26",2019
"LBHR7ADT.DTA","2021-07-26",2019
"LSGE42FL.DBF","2021-07-26",2004
"LSIR41DT.DTA","2021-07-26",2004
"LSHR41DT.DTA","2021-07-26",2004
"LSGE62FL.DBF","2021-07-26",2009
"LSIR61DT.DTA","2021-07-26",2009
"LSHR61DT.DTA","2021-07-26",2009
"LSGE71FL.DBF","2021-07-26",2014
"LSIR71DT.DTA","2021-07-26",2014
"LSHR71DT.DTA","2021-07-26",2014
"KYIR31DT.DTA","2021-07-26",1997
"KYHR31DT.DTA","2021-07-26",1997
"KYGE61FL.DBF","2021-07-26",2012
"KYIR61DT.DTA","2021-07-26",2012
"KYHR61DT.DTA","2021-07-26",2012
"KEIR3ADT.DTA","2021-07-26",1998
"KEHR3ADT.DTA","2021-07-26",1998
"KEGE43FL.DBF","2021-07-26",2003
"KEGE52FL.DBF","2021-07-26",2008
"KEIR52DT.DTA","2021-07-26",2008
"KEHR52DT.DTA","2021-07-26",2008
"KEGE71FL.DBF","2021-07-26",2014
"KEIR72DT.DTA","2021-07-26",2014
"KEHR72DT.DTA","2021-07-26",2014
"KEGE7AFL.DBF","2021-07-26",2015
"KEIR7ADT.DTA","2021-07-26",2015
"KEHR7ADT.DTA","2021-07-26",2015
"KKIR42DT.DTA","2021-07-26",1999
"KKHR42DT.DTA","2021-07-26",1999
"JOIR31DT.DTA","2021-07-26",1997
"JOHR31DT.DTA","2021-07-26",1997
"JOGE43FL.DBF","2021-07-26",2002
"JOIR42DT.DTA","2021-07-26",2002
"JOHR42DT.DTA","2021-07-26",2002
"JOGE52FL.DBF","2021-07-26",2007
"JOIR51DT.DTA","2021-07-26",2007
"JOHR51DT.DTA","2021-07-26",2007
"JOIR61DT.DTA","2021-07-26",2009
"JOHR61DT.DTA","2021-07-26",2009
"JOGE6AFL.DBF","2021-07-26",2012
"JOIR6CDT.DTA","2021-07-26",2012
"JOHR6CDT.DTA","2021-07-26",2012
"JOGE71FL.DBF","2021-07-26",2017
"JOIR73DT.DTA","2021-07-26",2017
"JOHR73DT.DTA","2021-07-26",2017
"IDIR3ADT.DTA","2021-07-26",1997
"IDHR3ADT.DTA","2021-07-26",1997
"IDGE43FL.DBF","2021-07-26",2003
"IDIR42DT.DTA","2021-07-26",2003
"IDHR42DT.DTA","2021-07-26",2003
"IDIR51DT.DTA","2021-07-26",2007
"IDHR51DT.DTA","2021-07-26",2007
"IDIR63DT.DTA","2021-07-26",2012
"IDHR63DT.DTA","2021-07-26",2012
"WBIR42DT.DTA","2021-07-26",1999
"WBHR42DT.DTA","2021-07-26",1999
"UPIR42DT.DTA","2021-07-26",1999
"UPHR42DT.DTA","2021-07-26",1999
"TRIR42DT.DTA","2021-07-26",1999
"TRHR42DT.DTA","2021-07-26",1999
"TNIR42DT.DTA","2021-07-26",1999
"TNHR42DT.DTA","2021-07-26",1999
"SKIR42DT.DTA","2021-07-26",1999
"SKHR42DT.DTA","2021-07-26",1999
"RJIR42DT.DTA","2021-07-26",1999
"RJHR42DT.DTA","2021-07-26",1999
"PJIR42DT.DTA","2021-07-26",1999
"PJHR42DT.DTA","2021-07-26",1999
"ORIR42DT.DTA","2021-07-26",1999
"ORHR42DT.DTA","2021-07-26",1999
"NAIR42DT.DTA","2021-07-26",1999
"NAHR42DT.DTA","2021-07-26",1999
"MZIR42DT.DTA","2021-07-26",1999
"MZHR42DT.DTA","2021-07-26",1999
"MPIR42DT.DTA","2021-07-26",1999
"MPHR42DT.DTA","2021-07-26",1999
"MNIR42DT.DTA","2021-07-26",1999
"MNHR42DT.DTA","2021-07-26",1999
"MHIR42DT.DTA","2021-07-26",1999
"MHHR42DT.DTA","2021-07-26",1999
"MGIR42DT.DTA","2021-07-26",1999
"MGHR42DT.DTA","2021-07-26",1999
"KEIR42DT.DTA","2021-07-26",1999
"KEHR42DT.DTA","2021-07-26",1999
"KAIR42DT.DTA","2021-07-26",1999
"KAHR42DT.DTA","2021-07-26",1999
"JMIR42DT.DTA","2021-07-26",1999
"JMHR42DT.DTA","2021-07-26",1999
"HRIR42DT.DTA","2021-07-26",1999
"HRHR42DT.DTA","2021-07-26",1999
"HPIR42DT.DTA","2021-07-26",1999
"HPHR42DT.DTA","2021-07-26",1999
"GOIR42DT.DTA","2021-07-26",1999
"GOHR42DT.DTA","2021-07-26",1999
"GJIR42DT.DTA","2021-07-26",1999
"GJHR42DT.DTA","2021-07-26",1999
"DLIR42DT.DTA","2021-07-26",1999
"DLHR42DT.DTA","2021-07-26",1999
"BHIR42DT.DTA","2021-07-26",1999
"BHHR42DT.DTA","2021-07-26",1999
"ASIR42DT.DTA","2021-07-26",1999
"ASHR42DT.DTA","2021-07-26",1999
"ARIR42DT.DTA","2021-07-26",1999
"ARHR42DT.DTA","2021-07-26",1999
"APIR42DT.DTA","2021-07-26",1999
"APHR42DT.DTA","2021-07-26",1999
"IAIR42DT.DTA","2021-07-26",1999
"IAHR42DT.DTA","2021-07-26",1999
"IAIR52DT.DTA","2021-07-26",2006
"IAHR52DT.DTA","2021-07-26",2006
"IAGE71FL.DBF","2021-07-26",2015
"IAIR74DT.DTA","2021-07-26",2015
"IAHR74DT.DTA","2021-07-26",2015
"HNIR52DT.DTA","2021-07-26",2005
"HNHR52DT.DTA","2021-07-26",2005
"HNGE61FL.DBF","2021-07-26",2011
"HNIR62DT.DTA","2021-07-26",2011
"HNHR62DT.DTA","2021-07-26",2011
"HTGE42FL.DBF","2021-07-26",2000
"HTIR42DT.DTA","2021-07-26",2000
"HTHR42DT.DTA","2021-07-26",2000
"HTGE52FL.DBF","2021-07-26",2006
"HTIR52DT.DTA","2021-07-26",2006
"HTHR52DT.DTA","2021-07-26",2006
"HTGE61FL.DBF","2021-07-26",2012
"HTIR61DT.DTA","2021-07-26",2012
"HTHR61DT.DTA","2021-07-26",2012
"HTGE71FL.DBF","2021-07-26",2016
"HTIR71DT.DTA","2021-07-26",2016
"HTHR71DT.DTA","2021-07-26",2016
"GYIR51DT.DTA","2021-07-26",2005
"GYHR51DT.DTA","2021-07-26",2005
"GYGE5JFL.DBF","2021-07-26",2009
"GYIR5IDT.DTA","2021-07-26",2009
"GYHR5IDT.DTA","2021-07-26",2009
"GNGE42FL.DBF","2021-07-26",1999
"GNIR41DT.DTA","2021-07-26",1999
"GNHR41DT.DTA","2021-07-26",1999
"GNGE52FL.DBF","2021-07-26",2005
"GNIR52DT.DTA","2021-07-26",2005
"GNHR52DT.DTA","2021-07-26",2005
"GNGE61FL.DBF","2021-07-26",2012
"GNIR62DT.DTA","2021-07-26",2012
"GNHR62DT.DTA","2021-07-26",2012
"GNGE71FL.DBF","2021-07-26",2018
"GNIR71DT.DTA","2021-07-26",2018
"GNHR71DT.DTA","2021-07-26",2018
"GUIR41DT.DTA","2021-07-26",1999
"GUHR41DT.DTA","2021-07-26",1999
"GUGE71FL.DBF","2021-07-26",2015
"GUIR71DT.DTA","2021-07-26",2015
"GUHR71DT.DTA","2021-07-26",2015
"GHGE42FL.DBF","2021-07-26",1998
"GHIR41DT.DTA","2021-07-26",1998
"GHHR41DT.DTA","2021-07-26",1998
"GHGE4BFL.DBF","2021-07-26",2003
"GHIR4BDT.DTA","2021-07-26",2003
"GHHR4BDT.DTA","2021-07-26",2003
"GHGE5AFL.DBF","2021-07-26",2008
"GHIR5ADT.DTA","2021-07-26",2008
"GHHR5ADT.DTA","2021-07-26",2008
"GHGE71FL.DBF","2021-07-26",2014
"GHIR72DT.DTA","2021-07-26",2014
"GHHR72DT.DTA","2021-07-26",2014
"GHGE7AFL.DBF","2021-07-26",2016
"GHIR7BDT.DTA","2021-07-26",2016
"GHHR7BDT.DTA","2021-07-26",2016
"GHGE81FL.DBF","2021-07-26",2019
"GHIR82DT.DTA","2021-07-26",2019
"GHHR82DT.DTA","2021-07-26",2019
"GMIR61DT.DTA","2021-07-26",2013
"GMHR61DT.DTA","2021-07-26",2013
"GMIR81DT.DTA","2021-07-26",2019
"GMHR81DT.DTA","2021-07-26",2019
"GAIR41DT.DTA","2021-07-26",2000
"GAHR41DT.DTA","2021-07-26",2000
"GAGE61FL.DBF","2021-07-26",2012
"GAIR61DT.DTA","2021-07-26",2012
"GAHR61DT.DTA","2021-07-26",2012
"ETGE42FL.DBF","2021-07-26",2000
"ETIR41DT.DTA","2021-07-26",2000
"ETHR41DT.DTA","2021-07-26",2000
"ETGE52FL.DBF","2021-07-26",2005
"ETIR51DT.DTA","2021-07-26",2005
"ETHR51DT.DTA","2021-07-26",2005
"ETGE61FL.DBF","2021-07-26",2011
"ETIR61DT.DTA","2021-07-26",2011
"ETHR61DT.DTA","2021-07-26",2011
"ETGE71FL.DBF","2021-07-26",2016
"ETIR71DT.DTA","2021-07-26",2016
"ETHR71DT.DTA","2021-07-26",2016
"ETGE81FL.DBF","2021-07-26",2019
"ETIR81DT.DTA","2021-07-26",2019
"ETHR81DT.DTA","2021-07-26",2019
"SZGE53FL.DBF","2021-07-26",2006
"SZIR51DT.DTA","2021-07-26",2006
"SZHR51DT.DTA","2021-07-26",2006
"EGGE42FL.DBF","2021-07-26",2000
"EGIR42DT.DTA","2021-07-26",2000
"EGHR42DT.DTA","2021-07-26",2000
"EGGE4BFL.DBF","2021-07-26",2003
"EGIR4ADT.DTA","2021-07-26",2003
"EGHR4ADT.DTA","2021-07-26",2003
"EGGE52FL.DBF","2021-07-26",2005
"EGIR51DT.DTA","2021-07-26",2005
"EGHR51DT.DTA","2021-07-26",2005
"EGGE5DFL.DBF","2021-07-26",2008
"EGIR5ADT.DTA","2021-07-26",2008
"EGHR5ADT.DTA","2021-07-26",2008
"EGGE61FL.DBF","2021-07-26",2014
"EGIR61DT.DTA","2021-07-26",2014
"EGHR61DT.DTA","2021-07-26",2014
"DRIR32DT.DTA","2021-07-26",1996
"DRHR32DT.DTA","2021-07-26",1996
"DRIR41DT.DTA","2021-07-26",1999
"DRHR41DT.DTA","2021-07-26",1999
"DRIR4BDT.DTA","2021-07-26",2002
"DRHR4BDT.DTA","2021-07-26",2002
"DRIR5ADT.DTA","2021-07-26",2007
"DRHR5ADT.DTA","2021-07-26",2007
"DRGE52FL.DBF","2021-07-26",2007
"DRIR52DT.DTA","2021-07-26",2007
"DRHR52DT.DTA","2021-07-26",2007
"DRGE6AFL.DBF","2021-07-26",2013
"DRIR6ADT.DTA","2021-07-26",2013
"DRHR6ADT.DTA","2021-07-26",2013
"DRGE61FL.DBF","2021-07-26",2013
"DRIR61DT.DTA","2021-07-26",2013
"DRHR61DT.DTA","2021-07-26",2013
"CIGE3BFL.DBF","2021-07-26",1998
"CIIR3ADT.DTA","2021-07-26",1998
"CIHR3ADT.DTA","2021-07-26",1998
"CIIR51DT.DTA","2021-07-26",2005
"CIHR51DT.DTA","2021-07-26",2005
"CIGE61FL.DBF","2021-07-26",2012
"CIIR62DT.DTA","2021-07-26",2012
"CIHR62DT.DTA","2021-07-26",2012
"CDGE52FL.DBF","2021-07-26",2007
"CDIR51DT.DTA","2021-07-26",2007
"CDHR51DT.DTA","2021-07-26",2007
"CDGE61FL.DBF","2021-07-26",2013
"CDIR61DT.DTA","2021-07-26",2013
"CDHR61DT.DTA","2021-07-26",2013
"CGIR51DT.DTA","2021-07-26",2005
"CGHR51DT.DTA","2021-07-26",2005
"CGIR5ADT.DTA","2021-07-26",2009
"CGHR5ADT.DTA","2021-07-26",2009
"CGIR61DT.DTA","2021-07-26",2011
"CGHR61DT.DTA","2021-07-26",2011
"KMIR32DT.DTA","2021-07-26",1996
"KMHR32DT.DTA","2021-07-26",1996
"KMGE61FL.DBF","2021-07-26",2012
"KMIR61DT.DTA","2021-07-26",2012
"KMHR61DT.DTA","2021-07-26",2012
"COIR41DT.DTA","2021-07-26",2000
"COHR41DT.DTA","2021-07-26",2000
"COIR53DT.DTA","2021-07-26",2005
"COHR53DT.DTA","2021-07-26",2005
"COGE61FL.DBF","2021-07-26",2010
"COIR61DT.DTA","2021-07-26",2010
"COHR61DT.DTA","2021-07-26",2010
"COIR72DT.DTA","2021-07-26",2015
"COHR72DT.DTA","2021-07-26",2015
"TDIR31DT.DTA","2021-07-26",1997
"TDHR31DT.DTA","2021-07-26",1997
"TDIR41DT.DTA","2021-07-26",2004
"TDHR41DT.DTA","2021-07-26",2004
"TDGE71FL.DBF","2021-07-26",2014
"TDIR71DT.DTA","2021-07-26",2014
"TDHR71DT.DTA","2021-07-26",2014
"CMIR31DT.DTA","2021-07-26",1998
"CMHR31DT.DTA","2021-07-26",1998
"CMGE42FL.DBF","2021-07-26",2004
"CMIR44DT.DTA","2021-07-26",2004
"CMHR44DT.DTA","2021-07-26",2004
"CMGE61FL.DBF","2021-07-26",2011
"CMIR61DT.DTA","2021-07-26",2011
"CMHR61DT.DTA","2021-07-26",2011
"CMGE71FL.DBF","2021-07-26",2018
"CMIR71DT.DTA","2021-07-26",2018
"CMHR71DT.DTA","2021-07-26",2018
"KHGE43FL.DBF","2021-07-26",2000
"KHIR42DT.DTA","2021-07-26",2000
"KHHR42DT.DTA","2021-07-26",2000
"KHGE51FL.DBF","2021-07-26",2005
"KHIR51DT.DTA","2021-07-26",2005
"KHHR51DT.DTA","2021-07-26",2005
"KHGE62FL.DBF","2021-07-26",2010
"KHIR61DT.DTA","2021-07-26",2010
"KHHR61DT.DTA","2021-07-26",2010
"KHGE71FL.DBF","2021-07-26",2014
"KHIR73DT.DTA","2021-07-26",2014
"KHHR73DT.DTA","2021-07-26",2014
"BUGE61FL.DBF","2021-07-26",2010
"BUIR61DT.DTA","2021-07-26",2010
"BUHR61DT.DTA","2021-07-26",2010
"BUGE6AFL.DBF","2021-07-26",2012
"BUIR6ADT.DTA","2021-07-26",2012
"BUHR6ADT.DTA","2021-07-26",2012
"BUGE71FL.DBF","2021-07-26",2016
"BUIR71DT.DTA","2021-07-26",2016
"BUHR71DT.DTA","2021-07-26",2016
"BFGE32FL.DBF","2021-07-26",1999
"BFIR31DT.DTA","2021-07-26",1999
"BFHR31DT.DTA","2021-07-26",1999
"BFGE43FL.DBF","2021-07-26",2003
"BFIR43DT.DTA","2021-07-26",2003
"BFHR43DT.DTA","2021-07-26",2003
"BFGE61FL.DBF","2021-07-26",2010
"BFIR62DT.DTA","2021-07-26",2010
"BFHR62DT.DTA","2021-07-26",2010
"BFGE71FL.DBF","2021-07-26",2014
"BFIR71DT.DTA","2021-07-26",2014
"BFHR71DT.DTA","2021-07-26",2014
"BFGE7AFL.DBF","2021-07-26",2017
"BFIR7ADT.DTA","2021-07-26",2017
"BFHR7ADT.DTA","2021-07-26",2017
"BRIR31DT.DTA","2021-07-26",1996
"BRHR31DT.DTA","2021-07-26",1996
"BOIR3BDT.DTA","2021-07-26",1998
"BOHR3BDT.DTA","2021-07-26",1998
"BOIR41DT.DTA","2021-07-26",2003
"BOHR41DT.DTA","2021-07-26",2003
"BOGE53FL.DBF","2021-07-26",2008
"BOIR51DT.DTA","2021-07-26",2008
"BOHR51DT.DTA","2021-07-26",2008
"BJGE33FL.DBF","2021-07-26",1996
"BJIR31DT.DTA","2021-07-26",1996
"BJHR31DT.DTA","2021-07-26",1996
"BJGE42FL.DBF","2021-07-26",2001
"BJIR41DT.DTA","2021-07-26",2001
"BJHR41DT.DTA","2021-07-26",2001
"BJIR51DT.DTA","2021-07-26",2006
"BJHR51DT.DTA","2021-07-26",2006
"BJGE61FL.DBF","2021-07-26",2012
"BJIR61DT.DTA","2021-07-26",2012
"BJHR61DT.DTA","2021-07-26",2012
"BJGE71FL.DBF","2021-07-26",2017
"BJIR71DT.DTA","2021-07-26",2017
"BJHR71DT.DTA","2021-07-26",2017
"BDIR3ADT.DTA","2021-07-26",1997
"BDHR3ADT.DTA","2021-07-26",1997
"BDGE42FL.DBF","2021-07-26",2000
"BDIR41DT.DTA","2021-07-26",2000
"BDHR41DT.DTA","2021-07-26",2000
"BDGE4JFL.DBF","2021-07-26",2004
"BDIR4JDT.DTA","2021-07-26",2004
"BDHR4JDT.DTA","2021-07-26",2004
"BDGE52FL.DBF","2021-07-26",2007
"BDIR51DT.DTA","2021-07-26",2007
"BDHR51DT.DTA","2021-07-26",2007
"BDGE61FL.DBF","2021-07-26",2011
"BDIR61DT.DTA","2021-07-26",2011
"BDHR61DT.DTA","2021-07-26",2011
"BDGE71FL.DBF","2021-07-26",2014
"BDIR72DT.DTA","2021-07-26",2014
"BDHR72DT.DTA","2021-07-26",2014
"BDGE7SFL.DBF","2021-07-26",2017
"BDIR7RDT.DTA","2021-07-26",2017
"BDHR7RDT.DTA","2021-07-26",2017
"AZIR52DT.DTA","2021-07-26",2006
"AZHR52DT.DTA","2021-07-26",2006
"AMIR42DT.DTA","2021-07-26",2000
"AMHR42DT.DTA","2021-07-26",2000
"AMIR54DT.DTA","2021-07-26",2005
"AMHR54DT.DTA","2021-07-26",2005
"AMGE61FL.DBF","2021-07-26",2010
"AMIR61DT.DTA","2021-07-26",2010
"AMHR61DT.DTA","2021-07-26",2010
"AMGE71FL.DBF","2021-07-26",2016
"AMIR72DT.DTA","2021-07-26",2016
"AMHR72DT.DTA","2021-07-26",2016
"AOGE52FL.DBF","2021-07-26",2006
"AOIR51DT.DTA","2021-07-26",2006
"AOHR51DT.DTA","2021-07-26",2006
"AOGE61FL.DBF","2021-07-26",2011
"AOIR62DT.DTA","2021-07-26",2011
"AOHR62DT.DTA","2021-07-26",2011
"AOGE71FL.DBF","2021-07-26",2015
"AOIR71DT.DTA","2021-07-26",2015
"AOHR71DT.DTA","2021-07-26",2015
"ALGE51FL.DBF","2021-07-26",2008
"ALIR51DT.DTA","2021-07-26",2008
"ALHR51DT.DTA","2021-07-26",2008
"ALGE71FL.DBF","2021-07-26",2017
"ALIR71DT.DTA","2021-07-26",2017
"ALHR71DT.DTA","2021-07-26",2017
"AFIR71DT.DTA","2021-07-26",2015
"AFHR71DT.DTA","2021-07-26",2015
